User Link,Reputation,DisplayName,Location
"88932","24459","xandercoded","Miami, FL"
"258689","20987","Olivier Refalo","Miami, FL"
"19404","16143","Gerald","Miami, FL"
"474883","10159","blindstuff","Miami, FL"
"586621","8133","Trevor Senior","Miami, FL"
"65694","7752","Alex Nolasco","Miami, FL"
"1261399","7592","Leo Correa","Miami, FL"
"156746","7291","diego.greyrobot","North Miami"
"1024796","6452","Ravi","Miami, FL"
"3928341","6308","nem","Miami, FL"
"2476755","6145","royhowie","Miami, FL"
"398248","5770","Jona","Miami, FL"
"70104","5571","Chris Dunaway","Miami, OK"
"6703","5483","Adam Hawkes","Miami, FL"
"8305","5067","Saul Dolgin","Miami Beach, FL"
"480700","4816","Jaider","Miami, FL"
"1014217","4780","Esteban V","Miami"
"29253","4549","igorgue","Miami, FL"
"531644","4053","epignosisx","Miami, FL"
"827297","3949","milancurcic","Miami, FL"
"524530","3615","mreyeros","Miami, FL"
"594338","3058","Rodolfo","Miami, FL"
"1754020","3017","Eduardo Dennis","Miami"
"1030209","2879","Andres Olarte","Miami, FL"
"871645","2871","Anil","Miami, FL"
"603807","2646","dyslexicanaboko","Miami, FL"
"1726005","2604","Emilio Gort","Miami, FL"
"492701","2515","Scott Nimrod","Miami Beach, FL"
"45852","2463","kwcto","Miami, FL"
"138921","2339","John DaCosta","Miami, FL"
"3920143","2271","Joel","Miami, FL"
"2149023","2251","Kevin Suchlicki","Miami, FL"
"2127039","2155","tik27","Miami"
"2112866","2095","seebiscuit","Miami, FL"
"329928","2015","Chris Leyva","Miami, FL"
"695582","1929","outkkast","Miami, FL"
"1676134","1928","E-Bat","Miami, FL"
"389634","1854","BlackJack","Miami, FL"
"53055","1850","jyotishka bora","Miami, FL"
"165694","1771","DotNetRookie","Miami, FL"
"639806","1601","JoeLinux","Miami, FL"
"1708171","1560","Jay Versluis","Miami Beach, FL"
"2892056","1550","corinem","Miami, FL"
"819318","1550","Internet Engineer","Miami"
"773837","1537","Julio Bailon","Miami, FL"
"3134674","1475","Jack Bonneman","Tokyo and/or Miami not necessarily in that etc."
"3276955","1454","RydallCooper","Miami, FL"
"2829837","1446","brian","Miami, FL"
"1322693","1396","konkked","Miami, Florida"
"68055","1358","Sergio Rodriguez","Miami, FL"
"213259","1335","Steph Rose","Miami, FL"
"732673","1301","Josh Noe","Miami, FL"
"27613","1287","IAmCodeMonkey","Miami, FL"
"846926","1264","grundyoso","Miami Beach, FL"
"74283","1134","user74283","Miami, FL"
"505002","1097","alejandro","Miami"
"669611","1038","magzalez","Miami, FL"
"135233","997","Alex Morales","Miami, FL"
"1751451","980","Adrian","Miami, FL"
"117330","955","Yohann T.","Miami, FL"
"717608","940","Jonathan R.","Miami, FL"
"643761","932","Simcha Khabinsky","Miami, FL"
"183361","894","EricP","Miami, FL"
"5449364","887","Javier Buzzi","Miami, FL"
"106648","884","Overhed","Miami, Florida, United States"
"1251349","857","Andrew Wei","Toronto | Dallas | Miami"
"600467","833","brianG","Miami, FL"
"988704","832","Roberto Andrade","Miami, FL"
"4310091","819","Edwin Reynoso","Miami Florida"
"492848","784","pseudopeach","Miami, FL"
"303784","784","Isaac E","Miami"
"621","769","Jorriss","Miami, FL"
"283040","759","s_h","Miami, FL"
"635923","752","Daniel Lopez","Miami, FL"
"1150847","717","Jeffrey L. Roberts","Miami, FL"
"320896","716","Carlos A. Cabrera","Miami, FL"
"613635","713","Alex Fairchild","Miami, FL"
"190016","683","Roly","Miami, FL"
"2242622","672","ecorvo","Miami, FL"
"175586","649","Buzzer","Miami, FL"
"4387162","636","downeyt","Miami, FL"
"627868","630","Rush","Miami, FL, United States"
"1839767","618","Labanino","Miami, FL"
"1775178","616","Alex","Miami, FL"
"1178481","593","Ryan Porter","Miami Beach, FL"
"4320602","587","JoMendez","Miami"
"1236202","581","derdc","Miami, FL"
"98620","577","Nurvx","Miami, FL"
"2574811","563","Senju","Miami, FL"
"1354089","553","johnco3","Miami Beach"
"849560","523","geilt","Miami, FL"
"426469","522","sanz","Miami, FL"
"1045994","519","mmlb","Miami, FL"
"2707999","512","Victor Ruiz C.","Miami, Florida."
"2378567","509","Hugo","Miami, FL"
"1031575","501","Marcos Reboucas","Miami, FL"
"69222","499","hmoyat","Miami, FL"
"891251","498","RickDavis","Miami, FL"
"1795476","468","Tony Armstrong","Miami, FL"
"205377","462","Aniruddha","Miami, FL"
"1224377","456","Salvi Pascual","Miami, FL"
"5412293","456","Fredlo2010","Miami"
"1603399","451","dimgl","Miami, FL"
"138745","448","acidscan","Miami, FL"
"1653131","448","DanilF","Miami, FL"
"758258","447","connoisseur","Miami, FL"
"803188","443","rsotolongo","Miami, Florida"
"910854","431","Juan Bermudez","Miami, FL"
"125628","431","Huperniketes","Miami, FL"
"280914","427","redhatlab","Miami, FL"
"1219379","425","guitarsteve","Miami, FL"
"193811","419","William Daniel","Miami, FL"
"1378252","405","toddmetheny","Miami, FL, United States"
"3875230","404","jmugz3","Miami, FL"
"308795","392","Eugene","Miami, FL"
"1990747","392","Tim Beaudet","Miami, FL"
"3483330","389","RobMillerJ25","Miami, FL"
"653799","387","Juan Campa","Miami, FL"
"48567","383","Stephen Burke","Miami, FL"
"323571","383","jnkrois","Miami, FL"
"1163967","378","Baltico","Miami, FL"
"71957","372","Javier","Miami, FL"
"447729","365","seekerOfKnowledge","Miami, FL"
"2562670","356","Vincent Faller","Miami, FL"
"195864","356","rickmzp","Miami, FL"
"385119","355","Jon Kirkman","Miami, FL"
"452515","353","Lars Koudal","Miami, Florida"
"3383938","348","Cameron","Miami, FL"
"2628728","346","flybear","Miami, FL"
"446377","333","Alex","Miami, FL"
"460056","327","smorhaim","Miami, FL"
"1422672","323","TylerH4","Miami University, OH"
"147959","322","Rudisimo","Miami, FL"
"240952","322","Orlando","Miami, FL"
"1276197","316","gastonfartek","Miami, FL"
"1883876","314","Jorge Garcia","Miami, FL"
"3407381","308","Joshua","Miamisburg, OH"
"1435588","304","Ozzy Garcia","Miami, FL"
"445652","304","NYCChris","Miami, FL"
"2855443","289","Lesly Revenge","Miami, FL"
"1187735","276","dfortun","Miami, FL"
"3738939","274","Yoandro Gonzalez","Miami, FL"
"5280105","271","JC Carrillo","Miami, FL, United States"
"263990","258","gtaborga","Miami, FL"
"2345396","243","Joseph8th","Miami, FL, USA"
"1709806","242","ModS","Miami, FL"
"5817689","233","N. Pavon","Miami, FL, United States"
"479837","231","ddieppa","Miami, FL"
"1799232","226","Dingling","Miami, FL"
"1470731","225","Joseph Leedy","Miami, FL"
"819153","219","Zinov","Miami, FL"
"2188595","216","Arian Acosta","Miami, FL"
"1459163","214","Yuri Morales","Miami, FL"
"465153","206","Raff","Miami, FL"
"2310306","205","gadu","Miami, FL"
"1914263","197","Delicious","Miami, FL"
"1787412","195","sergiopantoja","Miami, FL"
"2180879","191","Chuntao Lu","Miami, FL"
"281","190","Caleb Elston","Miami, FL"
"344725","189","damnpoet","Miami, FL"
"498555","188","marcelo","Miami, FL"
"672986","186","JLGarcia","Miami, FL"
"458551","186","marme","Miami, Florida"
"1776142","185","Aldo Delgado","Miami, FL"
"938730","184","Jonathan LeBlanc","Miami, FL, United States"
"5596737","183","Abel Duarte","Miami, FL"
"482085","182","AlexRamallo","Miami, FL"
"2900727","173","Kitkatnik","Miami, FL"
"4405473","173","k170","Miami, FL"
"5004592","173","Byron Jones","Miami, FL"
"784886","171","Leonardo Borsten","Miami, FL, USA"
"943571","171","Jiraheta","Miami, FL"
"1692933","170","quilesbaker","Miami, FL"
"232286","168","Justin Kent","Miami, FL"
"1434022","167","tomordonez","Miami, FL"
"1284143","164","jroberts","Miami, FL"
"3126298","163","Dexter Morgan","Miami, FL"
"786462","161","DataDino","Miami, FL"
"2043886","159","Lazaro Gamio","Miami, FL"
"1870363","156","gustavoanalytics","Miami, FL"
"535639","155","Aerozeek","Miami, FL"
"611828","150","ofosho","Miami, FL"
"908157","149","Digital Fire","Miami, FL"
"2729501","148","Hiboomedia","Miami Beach, FL"
"1046691","148","Pedro_Uno","Miami, FL"
"2989286","145","httpgio","Miami, FL"
"236672","138","Rodney","Miami, FL"
"1518382","134","caridy","Miami, FL"
"1075936","133","vasc0x","Miami, FL"
"195394","133","CreativEliza","Miami, Florida"
"697809","132","Craig","Miami, FL"
"1034258","131","elopez","Miami, FL"
"3215800","130","jvicab","Miami Springs"
"2197288","128","Kennysmoothx","Miami"
"3147774","128","Jona","Miami, FL"
"4642279","126","David Avellan","Miami, FL"
"1576574","123","Roderick","Miami, FL"
"2396981","121","SESPROUL","Miami, FL"
"2929860","121","David Baez","Miami, FL"
"426753","118","Julian Bonilla","Miami, FL"
"2038519","116","TrueStory","Miami Beach, FL, United States"
"3997720","116","Pedro Varela","Miami, Fl."
"2631050","116","mal","Miami, FL"
"4749937","115","Luis Averhoff","Miami, Florida"
"1889157","113","Hamada","Miami, FL"
"3761565","113","AlexT","Miami, FL"
"1443822","111","Lukas Bijaminas","North Miami"
"2517261","111","Carlos Forero","Miami, FL"
"96333","108","Eric Schulman","Miami, FL"
"1100765","108","Alex","Miami, FL"
"4765229","108","Yami Medina","Miami, FL"
"2153516","107","kamayd","Miami, FL"
"3376224","105","userRandom","Miami, FL"
"214020","102","WWarrior","Miami, FL"
"1792296","101","Chauncellor","Miami, FL"
"282145","101","Jay Jackson","Miami, FL"
"2360747","101","slashApex","Miami, FL"
"1387472","101","MauroPerez","Miami FL"
"3323831","97","Xvegas","Miami"
"833600","96","Freddy Vega","Miami, FL"
"629511","95","flush96","Miami, FL"
"597433","95","Chris","Miami, FL"
"2464085","94","alayers2","Miami, FL"
"3557390","94","w_lpz","Miami"
"1485709","93","Ramon Gonzalez","Miami, Fl"
"1003537","93","Warren J Thompson","Miami, FL"
"1748698","91","Brian McDonald","Miami, FL"
"432406","91","Joseph Perla","Miami, FL"
"1166061","88","jorgeAChacon","Miami"
"2788650","87","Javier Lopez","Miami, FL"
"2712302","86","magdiel","Miami, FL"
"2800623","84","norgematos","Miami, FL"
"471111","83","David Turton","Miami, FL"
"2495177","82","Oscar Batlle","Miami, FL"
"2694770","81","Pablo Valdes","Miami, FL"
"1042460","81","romelmederos","Miami, FL"
"111224","79","Chuckie","Miami, FL"
"2130212","78","jiggzson","Miami, FL"
"3830923","78","Alex","Miami, FL"
"245085","77","VS.Php","Miami, FL"
"39360","77","richyz","Miami, FL"
"1689781","76","Torchify","Miami, FL"
"528077","73","Johann","Miami, FL"
"2476255","73","pita","Miami, FL"
"1520994","73","Blues76","Miami, FL"
"2174714","73","user2174714-1","Miami, FL"
"290196","72","Alex","Miami, FL"
"2209086","72","elvismdev","Miami, FL"
"402613","72","Fernando","Miami, FL"
"408931","71","lando","Miami, FL"
"4318104","71","mibrito","Miami, FL"
"3657822","71","joker1979","Miami, FL"
"2966899","71","Dayany","Miami, FL"
"4142316","68","Stealth Pyro","Miami Lakes, FL"
"1284432","68","eddroid","Miami, FL"
"1084927","68","Gabe Nones","Miami, FL"
"4317315","67","He Zhang","Miami, FL"
"2300031","66","charlesclements","Miami, FL"
"631569","66","Andres","Miami, FL"
"3743109","66","cyeluri","Miami, FL"
"758119","66","Michel Fornaris","Miami, FL"
"1772000","66","phil1630","Miami, FL"
"959342","65","Ryan Parrish","Miami, FL"
"282837","65","Emmanuel P","Miami, FL"
"3457202","64","CAS","Miami, FL"
"1336988","63","codelitt","Miami"
"670238","63","DavidF","Miami, FL"
"258993","61","Jack Ferrari","Miami, FL"
"937784","60","David Shaw","Miami, FL"
"1163860","59","Michael Leveton","Miami, FL"
"1819401","57","wmarquez","Miami, FL"
"186527","57","M Lopez","Miami, FL"
"3609171","56","Ivan Jovanovic","Miami, FL"
"5741422","56","Adolfo Barreto","Miami, FL"
"1451787","56","David Cabrera","Miami, FL"
"364950","55","Tony","Miami, FL"
"1640993","55","Lexy Feito","Miami, FL"
"1157496","52","Tony","Miami, FL"
"2669005","51","Phil50","Miami, FL"
"2769242","51","Sydney Grace","Miami, FL"
"201398","51","Latrokles","Miami, FL"
"4585081","51","Ernesto Luis","Miami, FL, United States"
"1367245","51","damusix","Miami, FL"
"237618","51","hcabral","Miami, FL"
"4191515","51","HotRod","Miami, FL"
"3562214","49","Gustavo Oliveira","Miami, FL"
"1073791","49","Robert Araujo","Miami Lakes, FL"
"3377450","49","user3377450","Miami, Florida"
"686595","48","ufmemo","Miami, FL"
"1887899","48","Chris Xbill Owen","Miami, FL"
"2483830","48","thisismario123","Miami"
"2195950","47","orlaqp","Miami, FL"
"3212618","46","Alesh Houdek","Miami, Prague, etc."
"1864478","46","BobbyT28","Florida International University Miami"
"685049","46","Klodo","Miami, FL"
"1781210","46","Jeff","Miami Beach, FL"
"1902114","46","Andy Pineda","Miami, FL"
"4342231","46","Ameji012","Miami, FL"
"714788","44","Mario","Miami, FL"
"39011","44","Adrian","Miami, FL"
"328288","44","James Evans","Miamisburg, OH"
"2821594","43","Mitch","Miami, FL"
"4606200","42","Geovani dos Santos","Miami, FL"
"2023937","42","AlexGreat","Miami, FL"
"2088923","42","MarianaM","Miami, FL"
"2903084","42","TrojanNemo","Miami, Florida"
"1560315","42","TopoX","Miami, FL"
"3938250","41","Raul Rivero","Miami, FL"
"2375858","41","Amit M","Miami"
"4496655","41","Mark Fitchett","Miami, FL"
"1229866","41","Mike Petrovich","Miami, FL"
"1482875","41","giantNinja","Miami, FL"
"1269733","40","nAguirre","Miami, FL"
"966125","40","Eric A. Gravel","Miami, FL, USA"
"3051642","39","Xavier","Miami, FL"
"2121915","38","Rafael","Miami, FL"
"1114779","37","Deekshant","Miamisburg, OH"
"5304159","37","Asan","Miami, FL"
"1014929","36","Carlos Lima","Miami, FL"
"4577311","36","Hamid","United States, Miami"
"506222","36","Jose","Miami, FL"
"2926686","36","CrewMiami","Miami, FL"
"4455289","36","Rich","Miami, FL"
"523106","36","Lauren","Miami, FL"
"33510","36","arecio","Miami, FL"
"922826","36","jdMiami","Miami, FL"
"3812979","35","emorales","Miami, FL"
"5009180","35","Oscar","Miami, FL"
"3617875","34","Jimboscookies","Miami"
"3879359","33","lopezdp","Miami, FL"
"922882","33","Jose Carlos Carballo","Miami, FL"
"280732","33","Jonathan Foster","Miami, FL"
"2600740","32","zweettooth","Miami, FL"
"1896659","32","neilg","Miami, FL"
"165730","32","Nikolai","Miami, FL"
"2668881","32","ArturoCivit","Miami, FL"
"2946189","32","Yordis Prieto Lazo","Miami, FL"
"3784248","32","Rene Alejandro Santiago","Miami, Florida"
"931642","31","Leniad Vera","Miami, FL"
"2234525","31","Alfonso Martinez Lagares","Miami, FL"
"25690","31","Wayne","Miami Beach, FL"
"4242085","31","Eric Bris","Miami, US"
"2155093","31","Im_living_on_the_IO","Miami, FL"
"499970","31","alfyboza","Miami, FL"
"356739","31","gdr","Miami, FL"
"1898876","30","krisfremen","Miami, Florida"
"1905543","30","djoliverm","Miami, FL"
"1319333","30","Gosundi","Miami, FL"
"3631941","30","jmolmo","Miami, FL"
"600851","29","Jamie Little","Miami, FL"
"5400394","29","Anthony Rossello","Miami, FL"
"3195121","29","dcaping","Miami, FL"
"2517967","28","BruceTheGoose","Miami Florida"
"3692009","28","Giuliano","Miami, FL"
"4031426","28","Richard de Garis","Miami"
"459060","28","MikesTooLz","Miami, FL"
"3550342","28","ItsBradMorgan","Miami, FL"
"1337823","28","Harry","Miami, FL"
"3711847","28","raqCecisszio","Miami, FL"
"3055522","27","dhernandez","Miami, FL"
"2643369","26","Jawaid Akhtar","Miami, FL"
"1621685","26","Nick2474","Costa Rica & Miami FL"
"2862915","26","dexter","Miami Florida"
"850838","26","Antonio Rodriguez Martinez","Miami, FL"
"1720861","26","Elias Sierra","Miami, FL"
"2388261","25","IMerin","Miami, FL"
"2010044","25","bufo333","Miami, Florida"
"323756","25","Krisstian","Miami"
"1527101","24","qwesr","Miami, FL"
"1076391","24","elation","Miami, FL"
"1082150","23","wel","Miami"
"486517","23","Giovanny Gutierrez","Miami, FL"
"1449787","23","FFiloseta","Miami, FL"
"1276462","23","Angel Ramirez Leyva","North Miami Beach, FL"
"358285","23","bitsoda","Miami, FL"
"3233598","22","Wei","Miami, FL"
"223468","21","dvvc","Miami, FL"
"2566308","21","Matt Trivisonno","Miami Beach, FL"
"3865517","21","Abraham Alvarez","Miami, FL"
"3245964","21","Rei","Miami, FL"
"1518034","21","Karel Bertin Jr","Miami Lakes"
"2832257","21","MichaelCorey","Miami, FL"
"1892718","21","mrdazm","Miami, FL"
"1729727","21","Omyda ZX1","Miami, FL"
"3957256","21","san1901","Miami, FL"
"2529295","21","SDLC Engineering","Miami"
"4036629","21","Peter Alexander Kamenkovich","Miami, FL"
"1791699","21","elixai","Miami, FL"
"215008","21","janierdavila","Miami, FL"
"5941753","21","Serge","Miami"
"4802410","21","Jorge Barboza","Miami, FL"
"2168027","21","DSadaka","North Miami Beach"
"2168245","21","MBA","Miami, FL"
"1255027","21","Edson","Miami"
"2062600","20","JustJeffy","Miami"
"4974555","20","J Arango","Miami FL"
"3491131","20","DangoDoes","Miami"
"6958","20","Ptah Dunbar","Miami Beach, FL"
"2619322","19","Sergii","Miami, FL"
"5906462","18","Jake The Snake","Miami, FL"
"814515","18","SeanRouz","Miami, FL"
"5915839","18","Andy W","Miami"
"2691111","18","fearlex","Miami, FL"
"1359758","18","cm94","Miami, FL"
"3605323","18","Brian","Miami, FL"
"2705232","18","dmxt","Miami, FL"
"1416406","18","YoItsBen","Miami, FL"
"1382662","18","crow1170","Miami, FL"
"947993","17","Gokhan","Miami, FL"
"2828679","17","AshVLSI","Miami, FL"
"2540718","17","JCSNV","Miami, FL"
"650200","16","Robert","Miami Beach, FL"
"211346","16","yandy","Miami, FL"
"716632","16","arnexmx","Miami, FL"
"4602526","16","yopez83","Miami, FL"
"1519123","16","Piyali","Miami, FL"
"565940","16","Junoonis","Miami, FL"
"644138","16","cbortz","Miami, FL"
"1812394","16","abelbm","Miami, FL"
"1678606","16","djlosada","Miami"
"598574","16","sebastienb","Miami, FL"
"4403625","16","kevinchooski","Miami, FL"
"2191385","15","Chespy","Miami, FL"
"1013455","15","BigHonkingDeal","Miami, FL"
"4091773","15","Javier Perez","Miami, FL"
"984306","15","ilabrada","Miami"
"2628581","15","Jensenwd","Miami"
"1972970","15","g00n3r","Miami, FL"
"3105731","15","Bulk Web Solutions","Miami, FL"
"5601853","14","CRichardson3","Miami, FL"
"2537271","14","theShader","Miami, FL"
"3451507","13","Delirious Intentions","Miami FL"
"149781","13","Alejandro","Miami, FL"
"4544741","13","VinCardoso","Miami, FL - EUA"
"3293525","13","pkearney06","Miami, FL"
"947087","13","Kris","Miami"
"2737849","13","MVC Newbie","Miami, FL"
"1134738","13","Sunny","Miami"
"93223","13","LeandroM","Miami, FL"
"4169467","13","Paul M.","Miami, FL United States"
"2853067","13","yshikita","Miami, FL"
"3161421","13","Zisko","Miami, FL"
"1945748","12","Cesar","Miami, FL"
"3658215","12","Wei","Miami, FL"
"638861","12","Alex","Miami, FL"
"4233736","12","PtheGr8","Miami"
"4993950","11","Mattylaa444","Miamitown, OH"
"2607914","11","Jorge Travieso","Miami, FL"
"5335708","11","user5335708","Miami Beach, FL"
"3100655","11","Walt Quesada","Miami, FL"
"1793424","11","Orkun Alabaz","Miami Beach, FL"
"4450240","11","Carlos Ovalles","Miami Fl"
"1331706","11","Matthew Cupps","Miami, Florida"
"3329230","11","duelingwarlord","Miami"
"2797505","11","Jerry Phillips","Miami, FL"
"1921808","11","punosound","Miami Beach"
"1349255","11","graphica76","Miami, FL"
"1461101","11","Gus","Miami, FL"
"3731277","11","Achu","Miami, FL"
"2172022","11","gkstr1","Miami"
"1243412","11","Jay","Miami, FL"
"3724422","11","gilles_yvetot","Miami, FL"
"343666","11","SamBarr7","Miami, FL"
"3481394","11","RimskyDon","Miami, FL"
"3482425","11","reiniergs","Miami"
"3241845","11","JFusco","Miami, FL"
"1513597","11","カオスマスター","Miami, FL"
"2701834","11","rcbaker","Miami Beach, FL"
"4002130","11","Dusty Reins","Miami, TX"
"2028234","10","Kornik","Miami"
"834409","10","Bill","Miami, FL"
"3890022","10","MuyGalan","Miami"
"301192","9","Fernando","Miami, FL"
"5285440","9","Lenny G","Miami, FL"
"4929667","8","iEngineer","Miami, Florida"
"2908210","8","noahmason","Miami, FL"
"85249","8","lstutzman","Miami, FL"
"950947","8","Emryss","Miami, FL"
"3938322","8","Raitlin","Miami, FL"
"12369","8","Alfonso Pajares","Miami, FL"
"1391309","8","MikeL","Miami, FL"
"3579408","8","WendyMcF","Miami, FL"
"1755328","8","Josh Caleb Mayorga","Miami, FL"
"3458055","8","Solarkhan","Miami, FL"
"2387634","8","Mahabee","Miami, FL"
"1872529","8","Dimitry Chamy","Miami, FL"
"2762381","8","red5stand1ngby","Miami, FL"
"1215065","8","Dr Kurubit","Miami, FL"
"3366475","8","cubaton3","Miami"
"2323394","8","Will Fetherolf","Miami, FL"
"2457321","8","ScalaEnthusiast","Miami, FL"
"3276773","8","Ichneutic","Miami, Florida"
"3989064","7","dlugo06","Miami, FL"
"1241247","6","Jacob","Miami, FL"
"1251159","6","netbyte","Miami, FL"
"3223889","6","E.Jean","Miami, FL"
"3556559","6","SamiSam","Miami, FL"
"2692676","6","AJR","Miami, FL"
"3033260","6","diegoroberto","Miami, FL"
"3873569","6","mcostales84","Miami, FL"
"5421831","6","augusto2012","Miami, FL"
"5540186","6","CodeDexter","Miami, FL"
"659409","6","theitrain","Miami, FL"
"1383103","6","Santhosh Sivajothi","Miami"
"2459893","6","Nesto_11","Miami, FL"
"2288071","6","Melanie P","Miami, FL"
"3699574","6","Ross Terman","Miami, FL"
"3645636","6","Cosmo","Miami"
"1882511","6","user1882511","Miami, FL"
"2000704","6","dataowl","Miami, FL"
"5100304","6","Abi Green","Miami, FL"
"4611936","5","Lighting Jimmy Joe Johnson","Miami, FL"
"1691590","5","MAD2492","Miami, FL"
"2040551","5","Carlos Espinosa","Miami, FL"
"3225151","5","Nittin","Miami, FL"
"1424667","5","Erik","Miami, Florida"
"3273845","5","gingobr","Miami, FL"
"4999583","5","Jonathan","Miami, FL"
"2802796","4","Jonathan Piccolo","Miami, FL"
"1687782","4","ronluna","Miami, FL"
"1655559","3","anicolaspp","Miami FL"
"1275826","3","Antonio Vitor","Miami"
"1670121","3","Alex Gonzalez","Miami, FL"
"230734","3","Rafa Ramirez","Miami, FL"
"453164","3","Georgina Halfkenny","Miami Beach, FL"
"1188373","3","Bruce","Miami, FL"
"3219496","3","jvillasante","Miami, FL"
"3407901","3","The Chris Love","Miami Beach, FL"
"3097284","3","rog.computer5","Miami,Fl"
"1938473","3","Kerwin Londono","Miami, FL"
"505132","3","sevastopol","Miami, FL"
"4367815","3","Charles Walter","Miami, FL"
"1762354","3","rcach001","Miami"
"2824163","3","JohnQ","Miami, FL"
"3391081","3","DaveBenRoberts","Miami, FL"
"2150339","3","mmoreno","Miami, FL"
"5036934","2","RC SoBe","Miami, FL"
"4075436","2","Joseph H","Miami, FL"
"4075499","1","Jose Cunha","Miami, FL"
"4208007","1","rednucleus","Miami, FL"
"4208555","1","Cory McAn","Miami Fl"
"4975574","1","Gean Biffulco","Miami, FL"
"5264857","1","Abraham Alvarez","Miami, FL"
"2398157","1","user2398157","Miami, FL"
"2896989","1","Dorothy Lopez","Miami, FL"
"3016971","1","uselitepeptides","Miami Beach"
"2671797","1","Raj","Miami, FL"
"2745160","1","atoro","Miami"
"3669247","1","miguelocarvajal","Miami, FL"
"3901286","1","Maggie Rivers","Miami, FL"
"3940830","1","Werner Blumenthal","Miami, FL"
"3316286","1","Xavier Banegas","Miami, FL"
"3355579","1","user3355579","Miami, FL"
"3429760","1","Ebby","Miami, FL"
"3431562","1","Mary Dowdy","Miami"
"3597552","1","Fischcheng","Miami"
"2125301","1","Julian Beaujardin","Miami, FL"
"1342422","1","Luis Romero","Miami, FL"
"1470245","1","Daniel Campo","Miami, FL"
"1470617","1","TroyM","Miami, FL"
"847749","1","Rick Blanco","Miami, FL"
"444783","1","Shadow Six","Miami, FL"
"597594","1","Paul Dylan","Miami, FL"
"3267053","1","user3267053","Miami, FL USA"
"2901039","1","Franco A. Ceruti Freducci","Miami FL"
"3096725","1","kjosephboyd","Miami, Florida"
"3097125","1","vignali","Miami, FL"
"2623704","1","cperez","Miami, FL"
"1226127","1","beata urker","Miami, FL"
"1289116","1","jrgoe76","Miami, FL, United States"
"3680675","1","vtopko","Miami, FL"
"3838558","1","Venom","Miami Beach, FL"
"4200439","1","Christopher Chacon-Chang","Miami, FL USA"
"4425876","1","Vubur","Miami, FL"
"3407958","1","edylanr","Miami, FL"
"3570459","1","Suresh Kaushik","Miami, FL"
"3570491","1","JosueXIX","Miami, FL"
"3144532","1","Davisnz","Miami, FL"
"3407484","1","onilcarlos","Miami, FL"
"4452448","1","Jody Mendez","Miami, Florida"
"4623939","1","Evan Escol","Miami,FL"
"4758828","1","John Hay","Miami,FL"
"4758888","1","John F. Sklavounos","Miami, FL"
"5452350","1","Ricardo","80% Venezuela 20% Miami"
"5784133","1","Ilona Hott","Miami, US"
"5785466","1","Grislibar","Miami, FL"
"4008561","1","Eduardo Mulet","Miami, FL"
"4156822","1","Frank The-Tank Rycak","Beijing / Miami"
"3255905","1","Yakeewood","Miami, FL"
"3295620","1","JonRose","Miami, FL"
"3295633","1","Rakkas","Miami, FL"
"2801026","1","Jaxian","Miami, FL, United States"
"2763851","1","hietertoBoogy","Miami, FL"
"2241284","1","Dale","Miami, FL"
"451165","1","Ryan Steinhardt","Miami, FL"
"4770381","1","Orestes Garcia","Miami, FL"
"4771086","1","Adrian David","New York, NY  |  Miami, FL  |  State College, PA"
"4966749","1","Dan Bor","Miami, FL"
"3566004","1","Rockers","Miami FL"
"3602447","1","user3602447","Miami, FL"
"3911386","1","Alain Galvan","Miami, United States"
"3946450","1","William Harris","Miami"
"3984231","1","Gio Galvis-Giron","Miami Beach, FL"
"4024984","1","Tatiana Riestra","Miami Lakes, FL 33014"
"4214658","1","DangeRuss","Miami, FL"
"4414658","1","Robert James","Miami"
"1958721","1","Frankie Hayward","Miami, FL"
"1692917","1","kcbernfeld","Miami, FL"
"2691180","1","Jose Emilio Cabana","Miami, FL"
"3450414","1","Victor Gonzalez","Miami, FL"
"2232404","1","SwayPC","Miami, FL"
"2233716","1","Jason Godwin","Miami, FL"
"2577802","1","medusasoftware","Miami, FL"
"1299213","1","john-flomio","Miami, FL"
"1275236","1","oligodendrocito","Miami, FL"
"1536461","1","Alberro","Miami, FL"
"1601693","1","IvanSQL","Miami, FL"
"2800289","1","Eric Alatza","Miami, FL"
"2913014","1","Skyline","Miami"
"3121026","1","ednnd","Miami, FL"
"3153587","1","DDCGInc","Miami, FL"
"3255466","1","Ricardo Malla","Miami"
"1950330","1","johndgreat72","Miami United States"
"2144610","1","Charlie McClaskie","Miami, Florida"
"1093083","1","gizmorattler","Miami, FL"
"203609","1","ecocentrik","Miami, FL"
"3777373","1","jambu","Miami, FL"
"3845659","1","Andrius Stankus","Miami, FL"
"4227978","1","rc_code","Miami, FL"
"4392393","1","Jonlyons","Miami, FL"
"4454610","1","user4454610","Miami"
"2497561","1","CDX86I","Miami, FL"
"2688079","1","Uli Troyo","Miami, FL"
"3583108","1","ratul_FIU","Miami, FL"
"3403047","1","Nathan193","Miami, FL"
"4491420","1","Clenbuterol","Los Angeles, Miami"
"4960599","1","Lenel Varisano","Miami, FL"
"5121870","1","Igor","Miami, FL"
"1657500","1","Amit Mauskar","Miami, FL"
"1333669","1","gpgarcia","Miami, FL"
"1392942","1","tidusx18","Miami, FL"
"1270136","1","jscheeler","Miami, FL"
"1212026","1","user1212026","Miami, FL"
"1788925","1","ChuckWagon","Miami, FL"
"1854566","1","Tony452","Miami, FL"
"2053450","1","zo0r","Miami, Florida"
"2318087","1","yandy.r","Miami, FL"
"988450","1","labcoder","Miami, FL"
"557510","1","epowell","Miami, FL"
"192187","1","Painttwits","Miami, FL"
"478581","1","machinezilla","Miami, FL"
"4815467","1","EastImperialSoft","Miami, FL"
"5103730","1","Nestor Villalobos","Miami, FL"
"5104088","1","Raja Prabu","Miamisburg, OH"
"5429697","1","Karosu","Miami, FL"
"5458614","1","Niki Sanders","Miami, FL"
"5888483","1","Nav","Miami, FL"
"2465907","1","Dome","Miami, FL"
"3192197","1","Arturo","Miami, FL"
"3231812","1","Fernando Boza","Miami"
"4345405","1","Esta Visa","Miami Beach, FL 33140"
"1895678","1","Josh F","Miami, FL"
"1951259","1","IMSAS API","Miami, FL"
"2136380","1","TreHoffman","Miami, FL"
"2137052","1","David Cabrera","Miami, FL"
"2138584","1","Giovanni Pascotto Bonin","Miami, FL"
"2203819","1","Bryan Uribe","Miami, Florida"
"1759230","1","CRAiv","Miami"
"2675591","1","Giribarne","Miami, FL"
"2867039","1","ralphgleason","Miami, FL"
"2904532","1","Sebastian Cabrera","Miami, FL"
"2984176","1","AlexMiami","Miami, FL"
"3204504","1","Scott Smith","Miami, FL"
"610339","1","Coveted","Miami, FL"
"1227008","1","Yandry","Miami, FL"
"5766971","1","Matthew Clegg","Miami, FL"
"5890451","1","TazDeveloper","Miami, FL, United States"
"4444712","1","Ada Wong","USA. Miami"
"5435344","1","Louisa","Miami, FL"
"4585724","1","Martin","Miami, FL"
"3474117","1","jlurie","Miami, FL"
"3916188","1","Christopher Horne","Miami, FL"
"3762341","1","Khizar314","Miami, FL"
"2711182","1","WordWorker","Miami, FL"
"2994386","1","Felipe R Valera","Miami, FL"
"3078476","1","user3078476","Miami, FL"
"3150276","1","Amija004","Miami, FL"
"3694332","1","juegosgratisya","Miami, FL"
"3804316","1","Rafael Benavente","Miami, FL"
"4115503","1","ELTIMBA","Fl,United State,Miami"
"4181718","1","Brad Rossman","Miami"
"4757033","1","Julissa Cotillo","Miami, FL"
"4788633","1","Alejandro Poggi","Miami, FL"
"5415215","1","katherinealexandra","Miami, FL"
"5482938","1","GoobleJook","Miami, FL"
"5821468","1","Alan","Miami, FL, United States"
"5822408","1","Robby Tassy","Miami, Florida"
"3288868","1","msaun008","Miami, Florida"
"3611842","1","Ilkhom Karimov","Miami, Florida"
"3657621","1","sumacasu","Miami"
"1383658","1","user1383658","Miami Beach, FL"
"748945","1","CarlosOh","Miami, FL"
"2459776","1","Lisa Davis","Miami, FL"
"2189235","1","chi10","Miami, FL"
"2320507","1","Luis Giro","Miami, FL"
"2121086","1","nfms","Miami, FL"
"2121096","1","PradatiusD","Miami, FL"
"1452518","1","Terminator","Miami"
"1452781","1","machito","Miami, FL"
"5004285","1","Farzin Borujerdi","Miami , FL"
"3998100","1","Christian Banchs","Miami, FL"
"4059854","1","Sean","Miami, Florida"
"4122364","1","Daniel Jaquez","NYC / Miami"
"4419822","1","Provigil Online","Miami"
"4446327","1","Walter Hannah","Miami, FL"
"5744602","1","Micah Resnick","Miami, FL"
"5862666","1","Shamir Ajate","Miami, FL"
"1830831","1","DanCap","Miami, FL"
"1513429","1","Jungle","Miami, Fl, US"
"1133435","1","Brndn Tmnsĸŷ","Miami"
"1257284","1","clzd","Miami, FL"
"1326791","1","Mel Warhol Wilson","Miami"
"2177318","1","skimos","Miami, FL USA"
"2646458","1","brocka","Miami, FL"
"2957404","1","Lazarus Santin","Miami, Florida"
"3814781","1","Mike Premier","Miami"
"3312338","1","Papito","Miami, FL"
"3208510","1","XID10T","Miami, FL"
"1195051","1","elliotbetancourt","Miami, FL"
"468621","1","Michael Zebold","Miami, FL"
"469449","1","cgranier","Miami, FL"
"2851546","1","Michael.Garcia","Miami, Florida"
"1964899","1","MaxScholar","Miami Beach, FL"
"2157356","1","dco","Miami, FL"
"2358934","1","Jorge Cabot","Miami, FL"
"2359140","1","Lovemarke","Miami, FL"
"3926308","1","James Angelo","Miami, FL"
"4219612","1","theresadawn","Miami, FL"
"4219715","1","Hiram","Miami, FL"
"4715769","1","Gistia Labs","Miami,Florida,USA"
"4838187","1","Alain","Miami, FL"
"4950113","1","Luis La Torre","Miami Beach, FL"
"5045063","1","Platinarius","Miami, Florida"
"5143950","1","ICK","Miami, FL"
"5174070","1","Craig Zearfoss","Miami Beach, FL"
"5262139","1","Maddie","Miami, FL"
"5293001","1","Jorge Villarreal","Miami, FL"
"5329465","1","al3pht","Miami, FL"
"5386504","1","Shaun Bevan","Miami, FL"
"4367816","1","Anuj","Miami, USA"
"4492121","1","RarickBeskin","Miami Lakes"
"3233582","1","Charles Stover","Miami"
"4032754","1","Salomon Utrera","Miami, FL"
"4279878","1","Jose Perez","Miami, FL"
"4337770","1","DonFra","Miami, FL"
"3303823","1","Eddie H.","Miami, FL"
"3554804","1","yandy","Miami, Fl"
"3621193","1","Antonio Mendes","Miami"
"5472745","1","vdtejeda","Miami, FL"
"5505827","1","LauraTheJedi","Miami, FL"
"4698605","1","Leo","Miami, FL"
"1183488","1","jjcall","Miami, FL"
"2653536","1","itsjohndoe","Miami, FL"
"2653601","1","amrtnz","Miami, FL"
"2654143","1","Klaus Barkhausen","Miami, FL"
"2751796","1","RickC","Miami, FL"
"2872544","1","Demian","Miami, FL"
"2907702","1","DaMaDo","Miami, FL"
"2283909","1","Atheist4Life","Miami, Florida"
"2415480","1","Alex","Miami, Florida - USA"
"2539961","1","webby-marcel","Miami"
"1772433","1","yaneli86","Miami, FL"
"342400","1","Jaxel Johnson","Miami, FL"
"1566808","1","CareCloud","Miami, FL"
"1568041","1","Richard Conway","Miami, FL"
"814963","1","MarcoPeraza","Miami, FL"
"977316","1","Minyie Antonio Diaz","Miami, FL"
"1247070","1","jennysharps","Miami, FL"
"1247200","1","IrishGringo","Miami, FL"
"2698062","1","gmohama","Miami"
"2771643","1","amauryq","Miami, FL"
"2052211","1","IdeaReboot","Miami, FL"
"2391021","1","evagarbo","Miami, FL"
"1439900","1","Doug Cox","Miami area, Florida"
"1505116","1","avillaamil","New York & Miami"
"1506951","1","VAHID LAFORTUNE","North Miami Beach, FL"
"1642300","1","Jose Luis","Miami, FL"
"1704302","1","Mott Marvin Kornicki","Miami Beach, FL"
"1775371","1","Dayana","Miami, FL"
"2950415","1","Dsx","Miami"
"3202198","1","Ehtesham","Miami, FL"
"3238224","1","Li.F","Miami"
"3273201","1","Lamb","Miami, FL"
"4106825","1","Jasmine","Miami, FL"
"4196859","1","Steven Reginald Barkley","Miami, FL"
"4229053","1","aRivera","Miami, FL"
"3482232","1","El_Eze","Miami Beach"
"3516256","1","Paroxysm","Miami, FL"
"3767344","1","JoeyBurzynski","Miami Beach, FL"
"4467930","1","Steve McLaughlin","Miami Beach, FL"
"4499096","1","Tejumola David","Miami, FL"
"4261454","1","Victor Popiol","Miami, FL"
"4262699","1","GianniDalerta","Miami, FL"
"4294220","1","Alejandro Corredor","Miami, Florida"
"3019371","1","ebr","Miami, FL"
"3059709","1","wilibar","Miami, FL"
"3521289","1","user3521289","Miami, FL"
"3521380","1","Paul Burakov","Miami, FL"
"3701560","1","user3701560","Miami Beach, FL"
"3737868","1","esossai","Miami, Florida"
"3993754","1","Kevin Celso Alvarado","Miami, FL"
"1461110","1","UnikWebDesign","Miami, FL USA"
"1735656","1","Artem K.","Miami, FL"
"1736667","1","jacnet","Miami, FL"
"4674178","1","Lenora","Miami, FL"
"4972781","1","Cpa Firms In Miami Florida","Miami.Florida"
"5174707","1","Robert Hernandez","Miami, FL"
"5633204","1","panamericanart","Miami, FL"
"5749373","1","Jorge Ledesma","Miami"
"6015554","1","dt1203","Miami, Fl"
"4682442","1","mbg_inc","Miami University"
"4916768","1","N3 Group","Miami"
"5281343","1","MarcinLadowski","Miami, FL"
"5373574","1","yellowpepper_bjon","Miami, FL, United States"
"5401270","1","Shawn Younai","Miami Beach, FL"
"5609847","1","Caique","Miami, FL"
"5694835","1","Concrete Pavers Miami","Miami, FL"
"3143273","1","YeiCub","Miami, FL"
"3211110","1","mcfresh","Miami"
"2863612","1","Alex","Miami, FL"
"2156299","1","Nate Orr","Miami"
"2607025","1","kateboring11","Miami Beach"
"3246073","1","Mariojose Palma","Miami, FL"
"3321293","1","Noel","Miami Beach, FL"
"3578265","1","CMGarcia","Miami, FL"
"3896986","1","user3896986","Miami, FL"
"3897061","1","DroidZilla","Miami, FL"
"1135119","1","Unique_g","Miami, FL"
"5349631","1","KOKO Design Studio","Miami, Florida"
"5868580","1","Joel Guilarte","Miami, FL"
"3937819","1","Noel Jesús Rivero Pino","Miami, FL"
"3648377","1","user3648377","Miami, FL"
"365294","1","nickroz","Miami Beach, FL"
"1175741","1","PZMAVEN","Miami FL"
"1355133","1","Jordan Gilbert","Miami, FL"
"1466950","1","streetzlegend","Miami, FL"
"1612131","1","Kit Cross","Miami, USA"
"1614380","1","Marc Fest","Miami"
"1931505","1","Jorge Blanco","Miami, Florida"
"1995939","1","dimlo","Miami"
"1999118","1","Dave747","Miami, FL"
"2131962","1","jblondeau","Miami, FL"
"4183791","1","Jason Gonzalez","Miami Florida"
"4334865","1","El Beastie Evans","Miami, FL"
"4579896","1","Dennis Christilaw","Miami, FL"
"4639408","1","Vomdrache","Miami, FL"
"4761592","1","jorda0mega","Miami, FL"
"5169636","1","Maxene Terremetis","Miami, FL"
"2776944","1","Reya276","Miami, FL"
"2847649","1","mhvyas","Miami, FL"
"2961158","1","Eric","Miami"
"3285117","1","Bimotics","Miami, FL"
"3285494","1","OraMinion","Miami, FL"
"3250431","1","dj.rolyscratch","Miami, FL"
"3002169","1","lathov","Miami, FL"
"3113299","1","user3113299","Miamisburg, OH"
"2566249","1","Juniorebb","Miami, FL"
"2171339","1","estellecarlijn","Miami, FL"
"2566730","1","Marcos Miranda","Miami, FL"
"2626725","1","user2626725","Miami, FL"
"2757456","1","Michael Chacon","Miami Beach"
"952758","1","compiledinnov","Miamisburg, OH"
"952938","1","Angel Casado","Miami, FL"
"1310980","1","eClaro","Miami, FL"
"1561709","1","Jetrois","Miami, FL"
"1628825","1","Paradiso Solutions","Miami, FL"
"1767261","1","DaMann305","Miami, FL"
"1977550","1","Matthew Levy","Miami, FL"
"2061653","1","Andrei Popovici","Miami"
"1241750","1","Anoop Jha","Miami"
"5601884","1","Olya","Miami, FL"
"5777243","1","Hess Major","Miami, FL,USA"
"5810998","1","Dezmen","Miami, FL"
"5877342","1","Frank Fernandez","Miami Beach, FL"
"5090083","1","Hector","Miami, FL"
"5151980","1","SQL Daddy","Miami Lakes FL, USA"
"5199642","1","Prisskreative","Miami, FL"
"5331923","1","M. Hospedales","Miami, FL"
"3908628","1","Daniel Cardenas","Miami, FL"
"3908773","1","SchizoidMan","Miami, FL"
"4063498","1","Steven Ford Gamatan","Miami, FL"
"4064205","1","datlocin","SF | Miami"
"4365130","1","A R Software","382 NE 191st St #44797 Miami, Florida"
"4539693","1","Travis Gordon","Miami, FL"
"3806286","1","Adrian Childers","Miami Beach, FL"
"3841985","1","John Denver","Miami, Florida"
"3693378","1","Greg","Miami, FL"
"3353072","1","samg","Miami, FL"
"3353675","1","Klaus Barkhausen","Miami, FL"
"3425662","1","Punditor","Miami"
"3562178","1","ThillaBark","Miami, FL"